[{"@type":"MultipleChoiceQuestion","lowerCaseAlias":"","id":"2573578","alias":null,"text":"En un DAG con nodos L, A e Y (en este orde de ácción temporal), ¿Qué significa el que no haya un arco del nodo A al Y?","image":null,"imageAltText":null,"choices":[{"id":"9827004","alias":null,"text":"No hay ningún efecto de A sobre Y","excludeFromResults":false,"image":null,"isCorrectAnswer":true},{"id":"9827005","alias":null,"text":"No hay efecto de Y sobre A","excludeFromResults":false,"image":null,"isCorrectAnswer":false},{"id":"9827006","alias":null,"text":"A no está asociada con Y","excludeFromResults":false,"image":null,"isCorrectAnswer":false},{"id":"9827007","alias":null,"text":"A está asociada con Y","excludeFromResults":false,"image":null,"isCorrectAnswer":false}],"minNumberSelections":1,"maxNumberSelections":1,"resultFormat":"%","distributableWeight":null,"weightingSetting":null,"weightingFactor":null,"correctAnswerExplanation":null,"resultSorting":null},{"@type":"MultipleChoiceQuestion","lowerCaseAlias":"","id":"2573581","alias":null,"text":"Si nuestro conocimiento en la materia es insuficiente para descartar la existencia de un efecto directo de la variable D sobre la E, ¿Deberíamos incluir un arco desde D hasta E en el diagrama causal?","image":null,"imageAltText":null,"choices":[{"id":"9827014","alias":null,"text":"Sí","excludeFromResults":false,"image":null,"isCorrectAnswer":true},{"id":"9827015","alias":null,"text":"No","excludeFromResults":false,"image":null,"isCorrectAnswer":false}],"minNumberSelections":1,"maxNumberSelections":1,"resultFormat":"%","distributableWeight":null,"weightingSetting":null,"weightingFactor":null,"correctAnswerExplanation":null,"resultSorting":null},{"@type":"MultipleChoiceQuestion","lowerCaseAlias":"","id":"2573582","alias":null,"text":"Claramente la inteligencia de las personas influye sobre su propensión a dedicar tiempo al estudio. Independientemente de la inteligencia, su  desempeño académico al hacer exámenes. ¿Cuál es el DAG que describe esta proposición causal?","image":"2a1f4a5a-f530-453a-97bb-26a7d84893b1","imageAltText":null,"choices":[{"id":"9827016","alias":null,"text":"A","excludeFromResults":false,"image":null,"isCorrectAnswer":false},{"id":"9827017","alias":null,"text":"B","excludeFromResults":false,"image":null,"isCorrectAnswer":false},{"id":"9827018","alias":null,"text":"C","excludeFromResults":false,"image":null,"isCorrectAnswer":true},{"id":"9827019","alias":null,"text":"Ninguna de las anteriores","excludeFromResults":false,"image":null,"isCorrectAnswer":false}],"minNumberSelections":1,"maxNumberSelections":1,"resultFormat":"%","distributableWeight":null,"weightingSetting":null,"weightingFactor":null,"correctAnswerExplanation":null,"resultSorting":null},{"@type":"MultipleChoiceQuestion","lowerCaseAlias":"","id":"2573586","alias":null,"text":"¿Se puede medir el efecto, sin sesgos, de la aspirina?","image":"3cc0a367-82b3-4faa-9e6f-55c3aaf94554","imageAltText":null,"choices":[{"id":"9827030","alias":null,"text":"No se puede por el sesgo del historial de enfermedad cardiaca, L.","excludeFromResults":false,"image":null,"isCorrectAnswer":false},{"id":"9827031","alias":null,"text":"No se puede por el sesgo de la severidad desconocida de la enfermedad, U","excludeFromResults":false,"image":null,"isCorrectAnswer":false},{"id":"9827032","alias":null,"text":"No se puede de ninguna manera por las dos razones anteriores","excludeFromResults":false,"image":null,"isCorrectAnswer":false},{"id":"9827033","alias":null,"text":"Se  puede si se cierra la puerta trasera al utilizar el historial de enfermedad cardiaca.","excludeFromResults":false,"image":null,"isCorrectAnswer":true},{"id":"9827034","alias":null,"text":"Se puede si se concentra la atención en el binomio Aspirina-Accidente Cerebro Vascular.","excludeFromResults":false,"image":null,"isCorrectAnswer":false}],"minNumberSelections":1,"maxNumberSelections":1,"resultFormat":"%","distributableWeight":null,"weightingSetting":null,"weightingFactor":null,"correctAnswerExplanation":null,"resultSorting":null}]