[{"@type":"OpenTextQuestion","wordCloudQuestion":true,"lowerCaseAlias":"","id":"3562414","alias":"","text":"Para ti, ¿qué es la ciencia?  (escribe de 3 a 20 palabras que reflejen tu percepción) ","image":null,"imageAltText":null,"maxLength":2000,"maxWords":150,"resultFormat":"WORD_CLOUD","maxWordCount":null,"maxWordLength":null,"correctAnswers":[],"correctAnswerExplanation":null,"numericChart":null},{"@type":"OpenTextQuestion","wordCloudQuestion":true,"lowerCaseAlias":"","id":"3562415","alias":"","text":"¿Qué  damos por sentados cuando hacemos ciencia?","image":null,"imageAltText":null,"maxLength":2000,"maxWords":150,"resultFormat":"WORD_CLOUD","maxWordCount":null,"maxWordLength":null,"correctAnswers":[],"correctAnswerExplanation":null,"numericChart":null},{"@type":"MultipleChoiceQuestion","lowerCaseAlias":"","id":"3562417","alias":null,"text":"¿Cómo debe interpretarse esto?: 90% de las semillas en un grupo tratado germinan, en contraste con 20% que lo hacen en un grupo control.","image":"caf692c8-b5e0-4c53-8ac0-2ded1a6b280d","imageAltText":"","choices":[{"id":"13480876","alias":null,"text":"Definitivamente NO existe relación causal","excludeFromResults":false,"image":null,"isCorrectAnswer":false},{"id":"13480877","alias":null,"text":"Definitivamente SÍ existe una relación causal","excludeFromResults":false,"image":null,"isCorrectAnswer":false},{"id":"13480878","alias":null,"text":"Hay que hacer el experimento de mejor manera","excludeFromResults":false,"image":null,"isCorrectAnswer":true},{"id":"13480879","alias":null,"text":"Habría que aplicar una prueba estadística apropiada","excludeFromResults":false,"image":null,"isCorrectAnswer":false},{"id":"13480880","alias":null,"text":"Muy probablemente SÍ existe una relación causal","excludeFromResults":false,"image":null,"isCorrectAnswer":true}],"minNumberSelections":1,"maxNumberSelections":5,"resultFormat":"%","distributableWeight":null,"weightingSetting":null,"weightingFactor":null,"correctAnswerExplanation":"La respuesta depende del contexto histórico. Actualmente la reacción seguramente sería concluir que el tratamiento causo un efecto muy grande. Hace unos 70 años razonaríamos que debido a que el tratamiento falló en 10% de las semillas, no se demuestra la existencia de relación causal entre el tratamiento y a germinación. Haría que hacer un experimento mejor\n","resultSorting":null,"numericChart":null},{"@type":"ClickMapQuestion","lowerCaseAlias":"","id":"3562416","alias":"","text":"¿Qué tan de acuerdo estás con la siguiente aseveración?\n“La causalidad implica correlación”","image":"69b83a70-3d6c-400d-b19f-7abd0f62b84b","imageAltText":null,"options":[{"x":0.1,"y":0.1,"text":"Siempre es cierta"},{"x":0.1,"y":0.2,"text":"Nunca es cierta"},{"x":0.1,"y":0.3,"text":"A veces ocurre por azar"},{"x":0.1,"y":0.4,"text":"Sí, cuando hay una relación aleatoria"},{"x":0.1,"y":0.5,"text":"Depende del sistema "},{"x":0.1,"y":0.6,"text":"La correlación no implica causalidad"}],"maxNumberSelections":1,"correctAnswers":[{"x":0.1,"y":0.5,"xRadius":0.0001,"yRadius":0.0001}],"correctAnswerExplanation":"Si un termostato mantiene tu casa a temperatura constante operando un horno de gas. Como el termostato mantiene la temperatura interior constante, no habrá correlación con la cantidad de gas quemado.\n\nClaramente la estructura y dinámica del sistema determina los que observamos. ","numericChart":null},{"@type":"RankingQuestion","lowerCaseAlias":"","id":"3562418","alias":"","text":"¿Conoces alguna metodología científica para describir y analizar estructuras de relación causa efecto?","uiType":"ranking","image":"e803c8af-5105-4d11-84cb-b16f9e9e2225","imageAltText":"","choices":[{"id":"13480795","sequence":0,"alias":null,"text":"Experimentos aleatorizados","image":null},{"id":"13480796","sequence":1,"alias":null,"text":"Estudios observacionales ","image":null},{"id":"13480797","sequence":2,"alias":null,"text":"Grafos acíclicos dirigidos  ","image":null},{"id":"13480798","sequence":3,"alias":null,"text":"Todos los anteriores","image":null}],"minNumberSelections":1,"maxNumberSelections":2,"correctAnswer":{"choices":[]},"correctAnswerExplanation":null,"numericChart":null},{"@type":"OpenTextQuestion","wordCloudQuestion":true,"lowerCaseAlias":"","id":"3562420","alias":"","text":"¿Cuáles son los aspectos CLAVE para diseñar un experimento/estudio?","image":null,"imageAltText":null,"maxLength":2000,"maxWords":150,"resultFormat":"WORD_CLOUD","maxWordCount":null,"maxWordLength":null,"correctAnswers":[],"correctAnswerExplanation":null,"numericChart":null}]