[{"@type":"MultipleChoiceQuestion","lowerCaseAlias":"","id":"3594584","alias":null,"text":"¿Cuál es el primer paso para poner a prueba una hipótesis?","image":null,"imageAltText":null,"choices":[{"id":"13588392","alias":"","text":"Generar una hipótesis causal","excludeFromResults":false,"image":null,"isCorrectAnswer":false},{"id":"13588393","alias":"","text":"Recopilar datos","excludeFromResults":false,"image":null,"isCorrectAnswer":false},{"id":"13588394","alias":"","text":"Definir claramente la hipótesis causal","excludeFromResults":false,"image":null,"isCorrectAnswer":true},{"id":"13588395","alias":"","text":"Analizar los resultados","excludeFromResults":false,"image":null,"isCorrectAnswer":false}],"minNumberSelections":1,"maxNumberSelections":1,"resultFormat":"%","distributableWeight":null,"weightingSetting":null,"weightingFactor":null,"correctAnswerExplanation":"El primer paso para poner a prueba una hipótesis es definir claramente la hipótesis causal que se desea probar.","resultSorting":null},{"@type":"MultipleChoiceQuestion","lowerCaseAlias":"","id":"3594585","alias":null,"text":"¿Qué se debe hacer después de definir la hipótesis?","image":null,"imageAltText":null,"choices":[{"id":"13588396","alias":"","text":"Recopilar sin sesgos los datos necesarios","excludeFromResults":false,"image":null,"isCorrectAnswer":false},{"id":"13588397","alias":"","text":"Diseñar y planificar los estudios","excludeFromResults":false,"image":null,"isCorrectAnswer":true},{"id":"13588398","alias":"","text":"Establecer conclusiones según significancia","excludeFromResults":false,"image":null,"isCorrectAnswer":false},{"id":"13588399","alias":"","text":"Realizar análisis estadísticos","excludeFromResults":false,"image":null,"isCorrectAnswer":false}],"minNumberSelections":1,"maxNumberSelections":1,"resultFormat":"%","distributableWeight":null,"weightingSetting":null,"weightingFactor":null,"correctAnswerExplanation":"Después de definir la hipótesis, se deben diseñar y planificar los experimentos o estudios necesarios para probarla.","resultSorting":null},{"@type":"MultipleChoiceQuestion","lowerCaseAlias":"","id":"3594586","alias":null,"text":"¿Qué se debe hacer una vez que se hayan recopilado los datos?","image":null,"imageAltText":null,"choices":[{"id":"13588400","alias":"","text":"Generar una hipótesis alternativa precisa","excludeFromResults":false,"image":null,"isCorrectAnswer":false},{"id":"13588401","alias":"","text":"Comparar los datos con los de la literatura","excludeFromResults":false,"image":null,"isCorrectAnswer":false},{"id":"13588402","alias":"","text":"Analizar y comparar los datos con las hipótesis","excludeFromResults":false,"image":null,"isCorrectAnswer":true},{"id":"13588403","alias":"","text":"Establecer conclusiones","excludeFromResults":false,"image":null,"isCorrectAnswer":false}],"minNumberSelections":1,"maxNumberSelections":1,"resultFormat":"%","distributableWeight":null,"weightingSetting":null,"weightingFactor":null,"correctAnswerExplanation":"Una vez que se hayan recopilado los datos, se deben analizar y comparar con la hipótesis para determinar si existe evidencia que la respalde o la refute.","resultSorting":null},{"@type":"MultipleChoiceQuestion","lowerCaseAlias":"","id":"3594587","alias":null,"text":"¿Cuál es el siguiente paso después de analizar los datos?","image":null,"imageAltText":null,"choices":[{"id":"13588404","alias":"","text":"Generar una hipótesis alternativa","excludeFromResults":false,"image":null,"isCorrectAnswer":false},{"id":"13588405","alias":"","text":"Recopilar más datos hasta lograr una p adecuada","excludeFromResults":false,"image":null,"isCorrectAnswer":false},{"id":"13588406","alias":"","text":"Establecer conclusiones sore el argumento causal","excludeFromResults":false,"image":null,"isCorrectAnswer":true},{"id":"13588407","alias":"","text":"Realizar análisis estadísticos para obtener p","excludeFromResults":false,"image":null,"isCorrectAnswer":false}],"minNumberSelections":1,"maxNumberSelections":1,"resultFormat":"%","distributableWeight":null,"weightingSetting":null,"weightingFactor":null,"correctAnswerExplanation":"Después de analizar los datos, se deben establecer conclusiones basadas en la evidencia obtenida y determinar si los resultados respaldan o contradicen la hipótesis inicial.","resultSorting":null},{"@type":"MultipleChoiceQuestion","lowerCaseAlias":"","id":"3594588","alias":null,"text":"¿Qué se debe hacer si los resultados contradicen la hipótesis causal inicial?","image":null,"imageAltText":null,"choices":[{"id":"13588408","alias":"","text":"Recopilar más datos hasta lograr una p adecuada","excludeFromResults":false,"image":null,"isCorrectAnswer":false},{"id":"13588409","alias":"","text":"Generar una nueva explicación e hipótesis causal","excludeFromResults":false,"image":null,"isCorrectAnswer":true},{"id":"13588410","alias":"","text":"Establecer conclusiones con una buena narrativa","excludeFromResults":false,"image":null,"isCorrectAnswer":false},{"id":"13588411","alias":"","text":"Buscar el análisis estadísticos que de significancia  ","excludeFromResults":false,"image":null,"isCorrectAnswer":false}],"minNumberSelections":1,"maxNumberSelections":1,"resultFormat":"%","distributableWeight":null,"weightingSetting":null,"weightingFactor":null,"correctAnswerExplanation":"Si los resultados contradicen la hipótesis inicial, es necesario reconsiderar la hipótesis y, posiblemente, generar una nueva hipótesis alternativa para ser probada nuevamente.","resultSorting":null},{"@type":"MultipleChoiceQuestion","lowerCaseAlias":"","id":"3594663","alias":"","text":"Si el valor de p es muy pequeño entonces:","image":null,"imageAltText":"","choices":[{"id":"13588606","alias":null,"text":"El parámetro de H0 es muy probable que sea cero","excludeFromResults":false,"image":null,"isCorrectAnswer":false},{"id":"13588608","alias":null,"text":"El parámetro de H0 es poco probable que sea cero","excludeFromResults":false,"image":null,"isCorrectAnswer":true},{"id":"13588609","alias":null,"text":"Indica fuerte evidencia en favor de la hipótesis de investigación","excludeFromResults":false,"image":null,"isCorrectAnswer":false},{"id":"13588610","alias":null,"text":" El experimento no tuvo potencia suficiente","excludeFromResults":false,"image":null,"isCorrectAnswer":false}],"minNumberSelections":1,"maxNumberSelections":1,"resultFormat":"%","distributableWeight":null,"weightingSetting":null,"weightingFactor":null,"correctAnswerExplanation":null,"resultSorting":null},{"@type":"MultipleChoiceQuestion","lowerCaseAlias":"","id":"3594678","alias":"","text":"El valor de p es un argumento suficiente para","image":null,"imageAltText":"","choices":[{"id":"13588637","alias":null,"text":"Soportar la relevancia de los hallazgos del estudio","excludeFromResults":false,"image":null,"isCorrectAnswer":false},{"id":"13588638","alias":null,"text":"Definir si es nulo un parámetro del modelo estadístico","excludeFromResults":false,"image":null,"isCorrectAnswer":true},{"id":"13588639","alias":null,"text":"Justificar la importancia práctica del estudio","excludeFromResults":false,"image":null,"isCorrectAnswer":false},{"id":"13588640","alias":null,"text":"Determinar la veracidad de la proposición causal del estudio","excludeFromResults":false,"image":null,"isCorrectAnswer":false}],"minNumberSelections":1,"maxNumberSelections":1,"resultFormat":"%","distributableWeight":null,"weightingSetting":null,"weightingFactor":null,"correctAnswerExplanation":null,"resultSorting":null}]